--
-- PostgreSQL database dump
--

-- Dumped from database version 9.5.5
-- Dumped by pg_dump version 9.5.5

-- Started on 2017-02-10 23:04:26 BDT

SET statement_timeout = 0;
SET lock_timeout = 0;
SET client_encoding = 'UTF8';
SET standard_conforming_strings = on;
SET check_function_bodies = false;
SET client_min_messages = warning;
SET row_security = off;

--
-- TOC entry 1 (class 3079 OID 12397)
-- Name: plpgsql; Type: EXTENSION; Schema: -; Owner: 
--

CREATE EXTENSION IF NOT EXISTS plpgsql WITH SCHEMA pg_catalog;


--
-- TOC entry 2183 (class 0 OID 0)
-- Dependencies: 1
-- Name: EXTENSION plpgsql; Type: COMMENT; Schema: -; Owner: 
--

COMMENT ON EXTENSION plpgsql IS 'PL/pgSQL procedural language';


SET search_path = public, pg_catalog;

SET default_tablespace = '';

SET default_with_oids = false;

--
-- TOC entry 186 (class 1259 OID 16497)
-- Name: contact_us; Type: TABLE; Schema: public; Owner: postgres
--

CREATE TABLE contact_us (
    id character varying(255) NOT NULL,
    email character varying(255) NOT NULL,
    name character varying(255) NOT NULL,
    subject character varying(255) NOT NULL,
    date bytea,
    read boolean NOT NULL,
    message text
);


ALTER TABLE contact_us OWNER TO postgres;

--
-- TOC entry 181 (class 1259 OID 16424)
-- Name: hibernate_sequence; Type: SEQUENCE; Schema: public; Owner: postgres
--

CREATE SEQUENCE hibernate_sequence
    START WITH 1
    INCREMENT BY 1
    NO MINVALUE
    NO MAXVALUE
    CACHE 1;


ALTER TABLE hibernate_sequence OWNER TO postgres;

--
-- TOC entry 184 (class 1259 OID 16475)
-- Name: notice; Type: TABLE; Schema: public; Owner: postgres
--

CREATE TABLE notice (
    message text,
    id character varying(255) NOT NULL,
    userid character varying(255),
    title character varying(255),
    date bytea
);


ALTER TABLE notice OWNER TO postgres;

--
-- TOC entry 185 (class 1259 OID 16486)
-- Name: profile; Type: TABLE; Schema: public; Owner: postgres
--

CREATE TABLE profile (
    user_id character varying(255) NOT NULL,
    address character varying(255) NOT NULL,
    contact_number character varying(255),
    first_name character varying(255),
    gender character varying(255) NOT NULL,
    last_name character varying(255),
    photo character varying(255)
);


ALTER TABLE profile OWNER TO postgres;

--
-- TOC entry 182 (class 1259 OID 16450)
-- Name: user_roles; Type: TABLE; Schema: public; Owner: postgres
--

CREATE TABLE user_roles (
    user_role_id character varying(255) NOT NULL,
    role character varying(255),
    userid character varying(255)
);


ALTER TABLE user_roles OWNER TO postgres;

--
-- TOC entry 183 (class 1259 OID 16458)
-- Name: users; Type: TABLE; Schema: public; Owner: postgres
--

CREATE TABLE users (
    userid character varying(255) NOT NULL,
    email character varying(255) NOT NULL,
    enabled boolean,
    password character varying(100),
    username character varying(255) NOT NULL
);


ALTER TABLE users OWNER TO postgres;

--
-- TOC entry 2175 (class 0 OID 16497)
-- Dependencies: 186
-- Data for Name: contact_us; Type: TABLE DATA; Schema: public; Owner: postgres
--

COPY contact_us (id, email, name, subject, date, read, message) FROM stdin;
ff8081815a23443b015a23aefc0e0004	testuser1@email.com	test user1	test subject 4	\\xaced00057372000d6a6176612e74696d652e536572955d84ba1b2248b20c00007870770703000007e1020978	t	some textsome textsome textsome textsome textsome textsome textsome textsome textsome textsome textsome textsome textsome textsome textsome textsome textsome text
ff8081815a23443b015a23ad68ca0002	testuser1@email.com	test user1	test subject 2	\\xaced00057372000d6a6176612e74696d652e536572955d84ba1b2248b20c00007870770703000007e1020978	t	test message 2test message 2test message 2test message 2test message 2test message 2test message 2test message 2test message 2test message 2test message 2test message 2test message 2test message 2test message 2test message 2test message 2test message 2test message 2test message 2test message 2test message 2test message 2test message 2test message 2
ff8081815a23443b015a23addddc0003	testuser1@email.com	test user1	test subject 3	\\xaced00057372000d6a6176612e74696d652e536572955d84ba1b2248b20c00007870770703000007e1020978	t	test subject 3test subject 3test subject 3test subject 3test subject 3test subject 3test subject 3test subject 3test subject 3test subject 3test subject 3test subject 3test subject 3test subject 3test subject 3test subject 3test subject 3test subject 3
ff8081815a28adb7015a28b0f5a20003	torikraju@hotmail.com	torik	some text	\\xaced00057372000d6a6176612e74696d652e536572955d84ba1b2248b20c00007870770703000007e1020a78	f	sdfsdf
ff8081815a274aa5015a2763698c0000	torikraju@hotmail.com	hello there	some text	\\xaced00057372000d6a6176612e74696d652e536572955d84ba1b2248b20c00007870770703000007e1020a78	t	sdfsdff
\.


--
-- TOC entry 2184 (class 0 OID 0)
-- Dependencies: 181
-- Name: hibernate_sequence; Type: SEQUENCE SET; Schema: public; Owner: postgres
--

SELECT pg_catalog.setval('hibernate_sequence', 2, true);


--
-- TOC entry 2173 (class 0 OID 16475)
-- Dependencies: 184
-- Data for Name: notice; Type: TABLE DATA; Schema: public; Owner: postgres
--

COPY notice (message, id, userid, title, date) FROM stdin;
<p>test notice 2 body.test notice 1 body.test notice 1 body.test notice 1 body.test notice 1 body.test notice 1 body.test notice 1 body.test notice 1 body.test notice 1 body.test notice 1 body.test notice 1 body.test notice 1 body.test notice 1 body.test notice 1 body.test notice 1 body.test notice 1 body.test notice 1 body.test notice 1 body.test notice 1 body.test notice 1 body.test notice 1 body.test notice 1 body.test notice 1 body.test notice 1 body.test notice 1 body.test notice 1 body.test notice 1 body.test notice 1 body.test notice 1 body.test notice 1 body.test notice 1 body.test notice 1 body.test notice 1 body.test notice 1 body.test notice 1 body.test notice 1 body.test notice 1 body.test notice 1 body.test notice 1 body.test notice 1 body.test notice 1 body.test notice 1 body.test notice 1 body.test notice 1 body.</p>\r\n	ff8081815a1d665e015a1d681ae60001	ff8081815a14d2ae015a14d3690b0000	test notice title2	\\xaced00057372000d6a6176612e74696d652e536572955d84ba1b2248b20c00007870770703000007e1020878
<p>test notice 3 body.test notice 3 body.test notice 3 body.test notice 3 body.test notice 3 body.test notice 3 body.test notice 3 body.test notice 3 body.test notice 3 body.test notice 3 body.test notice 3 body.test notice 3 body.test notice 3 body.test notice 3 body.test notice 3 body.test notice 3 body.test notice 3 body.test notice 3 body.test notice 3 body.test notice 3 body.test notice 3 body.test notice 3 body.test notice 3 body.test notice 3 body.test notice 3 body.test notice 3 body.test notice 3 body.test notice 3 body.test notice 3 body.test notice 3 body.test notice 3 body.test notice 3 body.test notice 3 body.test notice 3 body.test notice 3 body.test notice 3 body.test notice 3 body.test notice 3 body.test notice 3 body.test notice 3 body.test notice 3 body.test notice 3 body.test notice 3 body.test notice 3 body.test notice 3 body.test notice 3 body.test notice 3 body.test notice 3 body.test notice 3 body.test notice 3 body.test notice 3 body.test notice 3 body.test notice 3 body.test notice 3 body.test notice 3 body.test notice 3 body.test notice 3 body.test notice 3 body.test notice 3 body.test notice 3 body.test notice 3 body.test notice 3 body.test notice 3 body.test notice 3 body.test notice 3 body.</p>\r\n	ff8081815a1d665e015a1d6871a00002	ff8081815a14d2ae015a14d3690b0000	test notice title3	\\xaced00057372000d6a6176612e74696d652e536572955d84ba1b2248b20c00007870770703000007e1020878
<p>test notice title 4.test notice title 4.test notice title 4.test notice title 4.test notice title 4.test notice title 4.test notice title 4.test notice title 4.test notice title 4.test notice title 4.test notice title 4.test notice title 4.test notice title 4.test notice title 4.test notice title 4.test notice title 4.test notice title 4.test notice title 4.test notice title 4.test notice title 4.test notice title 4.test notice title 4.test notice title 4.test notice title 4.test notice title 4.test notice title 4.test notice title 4.test notice title 4.test notice title 4.test notice title 4.test notice title 4.test notice title 4.test notice title 4.test notice title 4.test notice title 4.test notice title 4.test notice title 4.test notice title 4.test notice title 4.test notice title 4.test notice title 4.test notice title 4.test notice title 4.test notice title 4.test notice title 4.test notice title 4.test notice title 4.test notice title 4.test notice title 4.test notice title 4.test notice title 4.test notice title 4.test notice title 4.test notice title 4.test notice title 4.test notice title 4.test notice title 4.test notice title 4.test notice title 4.test notice title 4.test notice title 4.test notice title 4.</p>\r\n	ff8081815a1d665e015a1d7d98a30005	ff8081815a1d665e015a1d7b37aa0003	test notice title 4	\\xaced00057372000d6a6176612e74696d652e536572955d84ba1b2248b20c00007870770703000007e1020878
<p>test notice body 5.test notice body 5.test notice body 5.test notice body 5.test notice body 5.test notice body 5.test notice body 5.test notice body 5.test notice body 5.test notice body 5.test notice body 5.test notice body 5.test notice body 5.test notice body 5.test notice body 5.test notice body 5.test notice body 5.test notice body 5.test notice body 5.test notice body 5.test notice body 5.test notice body 5.test notice body 5.test notice body 5.test notice body 5.test notice body 5.test notice body 5.test notice body 5.test notice body 5.test notice body 5.test notice body 5.test notice body 5.test notice body 5.test notice body 5.test notice body 5.test notice body 5.test notice body 5.test notice body 5.test notice body 5.test notice body 5.test notice body 5.test notice body 5.test notice body 5.test notice body 5.test notice body 5.test notice body 5.test notice body 5.test notice body 5.test notice body 5.test notice body 5.test notice body 5.test notice body 5.test notice body 5.test notice body 5.test notice body 5.test notice body 5.test notice body 5.test notice body 5.test notice body 5.test notice body 5.test notice body 5.test notice body 5.test notice body 5.</p>\r\n	ff8081815a1d665e015a1d7de4210006	ff8081815a14d2ae015a14d3690b0000	test notice title 5	\\xaced00057372000d6a6176612e74696d652e536572955d84ba1b2248b20c00007870770703000007e1020878
<p>notice body posted by user 11</p>\r\n	ff8081815a1df135015a1e0b6d730002	ff8081815a1df135015a1e09ef4a0000	notice posted by user 11	\\xaced00057372000d6a6176612e74696d652e536572955d84ba1b2248b20c00007870770703000007e1020878
<p>wrewqrrrrrrrrrrrrrrrrrrrrrrr</p>\r\n	ff8081815a1eb14c015a1f90dd230000	ff8081815a14d2ae015a14d3690b0000	test titile 1	\\xaced00057372000d6a6176612e74696d652e536572955d84ba1b2248b20c00007870770703000007e1020978
<p>sdfsadfdsafdsafsdaf</p>\r\n	ff8081815a28adb7015a28b03f5f0002	ff8081815a28adb7015a28af04a60000	test titile 101	\\xaced00057372000d6a6176612e74696d652e536572955d84ba1b2248b20c00007870770703000007e1020a78
\.


--
-- TOC entry 2174 (class 0 OID 16486)
-- Dependencies: 185
-- Data for Name: profile; Type: TABLE DATA; Schema: public; Owner: postgres
--

COPY profile (user_id, address, contact_number, first_name, gender, last_name, photo) FROM stdin;
ff8081815a1ac993015a1ad6e41a0000	asdad	01911654050	torikul	male	alam	\N
ff8081815a1caaff015a1cda19440000	asdasd	01911654050	test	male	user5	\N
ff8081815a1caaff015a1ce0a8ec0002	112121212	01911654050	test	male	user6	\N
ff8081815a1caaff015a1d0b86510009	some address	01911654050	test	male	user10	\N
ff8081815a1d665e015a1d7b37aa0003	some address\r\n	01815304050	FirstName	male	Lastname	\N
ff8081815a1df135015a1e09ef4a0000	some text for address	01911654050	test	male	user11	\N
ff8081815a14d2ae015a14d3d8170002	test	01911654050	test	male	user1	pic3385869295407121431.jpg
ff8081815a1ac993015a1adafacc0002	sdfsdf	123456	test	female	user4	\N
ff8081815a14d2ae015a14d3690b0000	Dhaka, Bangladesh\r\n	01911654050	test	male	user	pic8876339160121606241.jpg
ff8081815a28adb7015a28af04a60000	 sfdsaf	01911654050	test	male	user101	pic5117548050175628124.jpg
\.


--
-- TOC entry 2171 (class 0 OID 16450)
-- Dependencies: 182
-- Data for Name: user_roles; Type: TABLE DATA; Schema: public; Owner: postgres
--

COPY user_roles (user_role_id, role, userid) FROM stdin;
ff8081815a14d2ae015a14d369230001	ROLE_USER	ff8081815a14d2ae015a14d3690b0000
ff8081815a14d2ae015a14d3d8170003	ROLE_USER	ff8081815a14d2ae015a14d3d8170002
ff8081815a14d474015a14d53dc00001	ROLE_ADMIN	ff8081815a14d474015a14d53d9c0000
ff8081815a14d5f1015a14d6441d0001	ROLE_SYSTEMADMIN	ff8081815a14d5f1015a14d644040000
ff8081815a1ac993015a1ad6e41b0001	ROLE_USER	ff8081815a1ac993015a1ad6e41a0000
ff8081815a1ac993015a1adafacd0003	ROLE_USER	ff8081815a1ac993015a1adafacc0002
ff8081815a1caaff015a1cda19450001	ROLE_USER	ff8081815a1caaff015a1cda19440000
ff8081815a1caaff015a1ce0a8ed0003	ROLE_USER	ff8081815a1caaff015a1ce0a8ec0002
ff8081815a1caaff015a1d0b8651000a	ROLE_USER	ff8081815a1caaff015a1d0b86510009
ff8081815a1d665e015a1d7b37ab0004	ROLE_USER	ff8081815a1d665e015a1d7b37aa0003
ff8081815a1df135015a1e09ef4e0001	ROLE_USER	ff8081815a1df135015a1e09ef4a0000
ff8081815a14d474015a14d58c0a0003	ROLE_ADMIN	ff8081815a14d474015a14d58c090002
ff8081815a28adb7015a28af04b10001	ROLE_USER	ff8081815a28adb7015a28af04a60000
\.


--
-- TOC entry 2172 (class 0 OID 16458)
-- Dependencies: 183
-- Data for Name: users; Type: TABLE DATA; Schema: public; Owner: postgres
--

COPY users (userid, email, enabled, password, username) FROM stdin;
ff8081815a14d2ae015a14d3d8170002	testuser2@email.com	t	$2a$10$cC2g2Pblybf1uAl7zNxpcOXauL9MIpnEkB5F3hDcf1y/i70St/gvq	testuser2
ff8081815a14d5f1015a14d644040000	torikraju@hotmail.com	t	$2a$10$dck/lqsUYN2dexmHWdqSzunwgV7WYbp0hHSbxjpcwojbgHg3PO.8W	torikraju
ff8081815a1ac993015a1ad6e41a0000	testuser3@email.com	t	$2a$10$whblFXrlSAJimSnmKiSVVeyANGcXjIdhBOeMuzlSmZCf9D5MlG3o2	testuser3
ff8081815a1ac993015a1adafacc0002	testuser4@email.com	t	$2a$10$Du80PQG795cnJgrZjscsP.8iv6b884JEsxAWzJEGlxdi.7l7IKR4m	testuser4
ff8081815a1caaff015a1cda19440000	testuser5@email.com	t	$2a$10$urPJyZGOLbhJWAIU2kVFDO.C5TYOz1b0vmOd/nue38mIBdsQyrBAG	testuser5
ff8081815a1caaff015a1ce0a8ec0002	testuser6@email.com	t	$2a$10$XUvdYyaQipYaNXdVflFQR.wWz7o8cyB2C8Nw9yV2YxJwM9hiFAaiy	testuser6
ff8081815a1caaff015a1d0b86510009	testuser10@email.com	t	$2a$10$ufUI7NO8jlbfCR9jn.hoMuOvv463SJiDeOX5MSr8A0gb0eLqu3e/K	testuser10
ff8081815a1d665e015a1d7b37aa0003	testuser12@email.com	t	$2a$10$9gVfgb4AYidybz3tsLUxte02sXvPOMNB05Jqyj65jXY0MEyaqo6uq	testuser12
ff8081815a1df135015a1e09ef4a0000	testuser11@email.com	t	$2a$10$L4QjTL24GaGrilpF64TsMupkmRWb/v.O2nUvQYNVMfz7HJWXUIRya	testuser11
ff8081815a14d2ae015a14d3690b0000	testuser1@email.com	t	$2a$10$aupJH7rw48UqKmtbm68Wa.AZALkijnxTSjF6omGsovptCnMv61VyG	testuser1
ff8081815a14d474015a14d58c090002	testadmin2@email.com	t	$2a$10$3YMjBpt4QZKf4y2PQzPpUu50TMI7oUwTtIvEv.GqZYEvH71zEFlSC	testadmin2
ff8081815a14d474015a14d53d9c0000	testadmin1@email.com	t	$2a$10$XearnCi27RH8lF9l7Qxx9e3Ed64Do0YBqd5uM1DZBcUWsvtTGTrRm	testadmin1
ff8081815a28adb7015a28af04a60000	testuser101@email.com	t	$2a$10$XhzjuAmXK/BSUG/J9RghtOmjMPPVdqSl.5tqiD85g99fnaoRj0kmq	testuser101
\.


--
-- TOC entry 2053 (class 2606 OID 16504)
-- Name: contact_us_pkey; Type: CONSTRAINT; Schema: public; Owner: postgres
--

ALTER TABLE ONLY contact_us
    ADD CONSTRAINT contact_us_pkey PRIMARY KEY (id);


--
-- TOC entry 2051 (class 2606 OID 16493)
-- Name: profile_pkey; Type: CONSTRAINT; Schema: public; Owner: postgres
--

ALTER TABLE ONLY profile
    ADD CONSTRAINT profile_pkey PRIMARY KEY (user_id);


--
-- TOC entry 2045 (class 2606 OID 16467)
-- Name: uk_6dotkott2kjsp8vw4d0m25fb7; Type: CONSTRAINT; Schema: public; Owner: postgres
--

ALTER TABLE ONLY users
    ADD CONSTRAINT uk_6dotkott2kjsp8vw4d0m25fb7 UNIQUE (email);


--
-- TOC entry 2047 (class 2606 OID 16469)
-- Name: uk_r43af9ap4edm43mmtq01oddj6; Type: CONSTRAINT; Schema: public; Owner: postgres
--

ALTER TABLE ONLY users
    ADD CONSTRAINT uk_r43af9ap4edm43mmtq01oddj6 UNIQUE (username);


--
-- TOC entry 2043 (class 2606 OID 16457)
-- Name: user_roles_pkey; Type: CONSTRAINT; Schema: public; Owner: postgres
--

ALTER TABLE ONLY user_roles
    ADD CONSTRAINT user_roles_pkey PRIMARY KEY (user_role_id);


--
-- TOC entry 2049 (class 2606 OID 16465)
-- Name: users_pkey; Type: CONSTRAINT; Schema: public; Owner: postgres
--

ALTER TABLE ONLY users
    ADD CONSTRAINT users_pkey PRIMARY KEY (userid);


--
-- TOC entry 2055 (class 2606 OID 16481)
-- Name: fk4fub0vor19ask0laxnfh7fick; Type: FK CONSTRAINT; Schema: public; Owner: postgres
--

ALTER TABLE ONLY notice
    ADD CONSTRAINT fk4fub0vor19ask0laxnfh7fick FOREIGN KEY (userid) REFERENCES users(userid);


--
-- TOC entry 2054 (class 2606 OID 16470)
-- Name: fk6qgn9xtttlujey5sa2j7qow4d; Type: FK CONSTRAINT; Schema: public; Owner: postgres
--

ALTER TABLE ONLY user_roles
    ADD CONSTRAINT fk6qgn9xtttlujey5sa2j7qow4d FOREIGN KEY (userid) REFERENCES users(userid);


--
-- TOC entry 2182 (class 0 OID 0)
-- Dependencies: 6
-- Name: public; Type: ACL; Schema: -; Owner: postgres
--

REVOKE ALL ON SCHEMA public FROM PUBLIC;
REVOKE ALL ON SCHEMA public FROM postgres;
GRANT ALL ON SCHEMA public TO postgres;
GRANT ALL ON SCHEMA public TO PUBLIC;


-- Completed on 2017-02-10 23:04:26 BDT

--
-- PostgreSQL database dump complete
--

